{"GM0014":[6.573037,53.210819],"GM0034":[5.22075,52.370298],"GM0037":[7.000069,52.997055],"GM0047":[6.875828,53.080488],"GM0050":[5.438564,52.348762],"GM0059":[6.150918,53.207344],"GM0060":[5.739252,53.447716],"GM0072":[5.446061,53.176523],"GM0074":[5.923441,52.9984],"GM0080":[5.814752,53.169958],"GM0085":[6.304379,52.993009],"GM0086":[6.095227,53.047534],"GM0088":[6.201659,53.488337],"GM0090":[6.049973,53.11448],"GM0093":[5.28843,53.395817],"GM0096":[4.95656,53.258755],"GM0098":[6.008018,52.871848],"GM0106":[6.550168,52.998058],"GM0109":[6.722894,52.753423],"GM0114":[6.952373,52.752159],"GM0118":[6.492409,52.727008],"GM0119":[6.178374,52.72084],"GM0141":[6.657026,52.34418],"GM0147":[6.746154,52.310916],"GM0148":[6.256984,52.511359],"GM0150":[6.23838,52.26876],"GM0153":[6.872506,52.223579],"GM0158":[6.78015,52.161094],"GM0160":[6.63393,52.56972],"GM0163":[6.451791,52.387054],"GM0164":[6.795892,52.253174],"GM0166":[5.93115,52.548396],"GM0168":[6.989304,52.301603],"GM0171":[5.766365,52.724574],"GM0173":[6.908492,52.308403],"GM0175":[6.452061,52.510353],"GM0177":[6.307888,52.386952],"GM0180":[6.208925,52.637626],"GM0183":[6.776028,52.400859],"GM0184":[5.621051,52.660473],"GM0189":[6.543482,52.344054],"GM0193":[6.097018,52.515442],"GM0197":[6.577799,51.913999],"GM0200":[5.930868,52.178509],"GM0202":[5.876428,52.00582],"GM0203":[5.645424,52.169624],"GM0209":[5.747937,51.863652],"GM0213":[6.126579,52.110609],"GM0214":[5.419938,51.92964],"GM0216":[5.209385,51.94938],"GM0221":[6.151857,52.018915],"GM0222":[6.280106,51.961254],"GM0225":[5.611906,51.868851],"GM0226":[6.023886,51.948003],"GM0228":[5.744394,52.071178],"GM0230":[5.843014,52.414917],"GM0232":[5.963643,52.327646],"GM0233":[5.661368,52.283948],"GM0243":[5.655411,52.341299],"GM0244":[6.063283,52.475627],"GM0246":[6.042116,52.406359],"GM0252":[5.825414,51.780981],"GM0262":[6.343645,52.171969],"GM0263":[5.317361,51.786598],"GM0267":[5.476971,52.215517],"GM0268":[5.839883,51.84228],"GM0269":[5.951588,52.456887],"GM0273":[5.57923,52.246583],"GM0274":[5.792399,51.99376],"GM0275":[6.06073,52.031184],"GM0277":[5.964833,52.03457],"GM0279":[5.506667,52.090273],"GM0281":[5.410955,51.886405],"GM0285":[6.086504,52.23636],"GM0289":[5.669026,51.969304],"GM0293":[5.968261,51.959459],"GM0294":[6.736836,51.966523],"GM0296":[5.695912,51.820322],"GM0297":[5.189988,51.782099],"GM0299":[6.077442,51.928916],"GM0301":[6.242211,52.129776],"GM0302":[5.795605,52.337222],"GM0303":[5.722266,52.48906],"GM0307":[5.409781,52.164021],"GM0308":[5.256817,52.198367],"GM0310":[5.172132,52.141208],"GM0312":[5.22007,52.040067],"GM0313":[5.356188,52.238706],"GM0317":[5.276702,52.249112],"GM0321":[5.178434,52.006268],"GM0327":[5.420277,52.127425],"GM0331":[4.942883,51.983829],"GM0335":[4.950711,52.046186],"GM0339":[5.531174,52.072753],"GM0340":[5.555956,51.980671],"GM0342":[5.294318,52.15759],"GM0344":[5.098783,52.083156],"GM0345":[5.551783,52.02317],"GM0351":[5.411746,52.080609],"GM0352":[5.328539,51.990165],"GM0353":[5.028732,52.025916],"GM0355":[5.252953,52.115658],"GM0356":[5.092865,52.029523],"GM0358":[4.759051,52.260932],"GM0361":[4.817233,52.600125],"GM0362":[4.852343,52.28599],"GM0363":[4.862829,52.375001],"GM0373":[4.687817,52.665384],"GM0375":[4.672128,52.47908],"GM0376":[5.246718,52.278994],"GM0377":[4.591478,52.374077],"GM0383":[4.685439,52.560545],"GM0384":[4.983439,52.334545],"GM0385":[5.013845,52.548088],"GM0388":[5.272831,52.715493],"GM0392":[4.643393,52.383508],"GM0394":[4.715188,52.323952],"GM0396":[4.642903,52.508985],"GM0397":[4.617777,52.342164],"GM0399":[4.70501,52.602398],"GM0400":[4.756196,52.923148],"GM0402":[5.173597,52.231233],"GM0405":[5.073773,52.658382],"GM0406":[5.230708,52.291783],"GM0415":[4.921369,52.451101],"GM0417":[5.216197,52.242239],"GM0420":[5.131991,52.721437],"GM0431":[4.869419,52.451039],"GM0432":[4.942886,52.71471],"GM0437":[4.916365,52.294686],"GM0439":[4.904766,52.542039],"GM0441":[4.75142,52.793093],"GM0448":[4.818874,53.085273],"GM0450":[4.737355,52.524749],"GM0451":[4.795094,52.232774],"GM0453":[4.620385,52.451154],"GM0473":[4.542538,52.357198],"GM0479":[4.773824,52.469252],"GM0482":[4.666145,51.860028],"GM0484":[4.64141,52.113146],"GM0489":[4.529978,51.851775],"GM0498":[5.171701,52.663691],"GM0502":[4.590252,51.934888],"GM0503":[4.36281,51.999397],"GM0505":[4.687207,51.769735],"GM0512":[4.97939,51.841395],"GM0513":[4.711967,52.018687],"GM0518":[4.281741,52.071502],"GM0523":[4.824917,51.838169],"GM0531":[4.634867,51.844641],"GM0532":[5.226003,52.697304],"GM0534":[4.573807,52.295784],"GM0537":[4.418041,52.187814],"GM0542":[4.608221,51.915855],"GM0546":[4.481628,52.150888],"GM0547":[4.542719,52.157553],"GM0553":[4.542089,52.254053],"GM0556":[4.243166,51.926872],"GM0569":[4.784613,52.165488],"GM0575":[4.489805,52.270176],"GM0579":[4.471726,52.18338],"GM0589":[4.854605,52.023794],"GM0590":[4.704889,51.834965],"GM0597":[4.592126,51.872013],"GM0599":[4.490129,51.924108],"GM0603":[4.323818,52.034743],"GM0606":[4.386277,51.930159],"GM0610":[4.769969,51.831538],"GM0613":[4.435537,51.851818],"GM0622":[4.32902,51.922293],"GM0626":[4.440614,52.125382],"GM0627":[4.641744,52.044643],"GM0629":[4.374033,52.137528],"GM0632":[4.888769,52.117469],"GM0637":[4.487604,52.061996],"GM0638":[4.506828,52.110869],"GM0642":[4.613721,51.824528],"GM0654":[3.822538,51.444544],"GM0664":[3.854826,51.51614],"GM0668":[5.498565,51.852229],"GM0677":[4.085875,51.328931],"GM0678":[3.965256,51.488416],"GM0687":[3.642884,51.501736],"GM0703":[4.054074,51.446643],"GM0715":[3.838311,51.282218],"GM0716":[4.11828,51.570005],"GM0717":[3.512709,51.52828],"GM0718":[3.603076,51.459811],"GM0736":[4.921808,52.233947],"GM0737":[5.976998,53.205459],"GM0743":[5.792703,51.384136],"GM0744":[4.873086,51.437319],"GM0748":[4.284828,51.505321],"GM0753":[5.397375,51.514653],"GM0755":[5.700054,51.60338],"GM0757":[5.316033,51.589078],"GM0758":[4.781162,51.564707],"GM0762":[5.829307,51.426807],"GM0765":[6.965619,53.066928],"GM0766":[4.956695,51.640485],"GM0770":[5.341178,51.394403],"GM0772":[5.449883,51.449026],"GM0777":[4.643221,51.574913],"GM0779":[4.876493,51.700217],"GM0784":[4.913986,51.563574],"GM0785":[5.032238,51.504325],"GM0794":[5.66706,51.473603],"GM0796":[5.356413,51.714473],"GM0797":[5.165624,51.686969],"GM0798":[5.147016,51.487194],"GM0809":[5.048362,51.642342],"GM0820":[5.543926,51.48635],"GM0823":[5.300969,51.488736],"GM0824":[5.198426,51.566891],"GM0826":[4.863919,51.632352],"GM0828":[5.533162,51.777537],"GM0840":[4.569932,51.521314],"GM0845":[5.365463,51.650645],"GM0847":[5.689115,51.384853],"GM0848":[5.492474,51.516936],"GM0851":[4.309482,51.600326],"GM0852":[4.998593,52.454409],"GM0855":[5.066519,51.585949],"GM0858":[5.45825,51.320228],"GM0861":[5.392585,51.408062],"GM0865":[5.236966,51.651032],"GM0866":[5.465792,51.385946],"GM0867":[5.017517,51.686518],"GM0873":[4.326966,51.4124],"GM0879":[4.654023,51.485682],"GM0880":[4.860362,52.506191],"GM0882":[6.02623,50.902408],"GM0888":[5.810424,50.926511],"GM0889":[6.072519,51.269268],"GM0893":[6.077852,51.590303],"GM0899":[5.974684,50.943099],"GM0907":[5.994555,51.695635],"GM0917":[5.981618,50.877391],"GM0928":[6.059433,50.874531],"GM0935":[5.697041,50.858049],"GM0938":[5.735536,50.905428],"GM0944":[5.906205,51.747501],"GM0946":[5.750465,51.294687],"GM0957":[6.018998,51.2107],"GM0965":[5.985844,50.829499],"GM0971":[5.760388,50.973017],"GM0981":[5.981651,50.777763],"GM0983":[6.149392,51.392378],"GM0984":[5.959871,51.506093],"GM0986":[5.914165,50.872413],"GM0988":[5.705084,51.235454],"GM0994":[5.812739,50.860177],"GM0995":[5.520103,52.540752],"GM1507":[6.026908,51.449794],"GM1509":[6.391505,51.903284],"GM1525":[4.511796,52.217395],"GM1581":[5.395131,52.028345],"GM1586":[6.561031,52.015888],"GM1598":[4.952624,52.648029],"GM1621":[4.507678,52.010956],"GM1640":[5.89549,51.233965],"GM1641":[5.894239,51.157756],"GM1652":[5.753365,51.54575],"GM1655":[4.51443,51.587394],"GM1658":[5.581717,51.361628],"GM1659":[5.612931,51.532198],"GM1667":[5.148341,51.369257],"GM1669":[6.036831,51.146436],